crim,zn,indus,chas,nox,rm,age,dis,rad,tax,ptratio,b,lstat,Id
3.1636,0.0,18.1,0,0.655,5.7589999999999995,48.2,3.0665,24,666.0,20.2,334.4,14.13,0
0.59005,0.0,21.89,0,0.624,6.372000000000001,97.9,2.3274,4,437.0,21.2,385.76,11.12,1
7.75223,0.0,18.1,0,0.713,6.301,83.7,2.7831,24,666.0,20.2,272.21,16.23,2
0.14231,0.0,10.01,0,0.547,6.254,84.2,2.2565,6,432.0,17.8,388.74,10.45,3
0.01096,55.0,2.25,0,0.389,6.452999999999999,31.9,7.3073,1,300.0,15.3,394.72,8.23,4
0.13554000000000002,12.5,6.07,0,0.409,5.593999999999999,36.8,6.497999999999999,4,345.0,18.9,396.9,13.09,5
0.75026,0.0,8.14,0,0.5379999999999999,5.9239999999999995,94.1,4.3996,4,307.0,21.0,394.33,16.3,6
0.05644,40.0,6.41,1,0.447,6.757999999999999,32.9,4.0776,4,254.0,17.6,396.9,3.53,7
0.0686,0.0,2.89,0,0.445,7.416,62.5,3.4952,2,276.0,18.0,396.9,6.19,8
0.03237,0.0,2.18,0,0.45799999999999996,6.997999999999999,45.8,6.0622,3,222.0,18.7,394.63,2.94,9
0.10612,30.0,4.93,0,0.428,6.095,65.1,6.3361,6,300.0,16.6,394.62,12.4,10
11.1604,0.0,18.1,0,0.74,6.629,94.6,2.1247,24,666.0,20.2,109.85,23.27,11
0.95577,0.0,8.14,0,0.5379999999999999,6.047000000000001,88.8,4.4534,4,307.0,21.0,306.38,17.28,12
11.0874,0.0,18.1,0,0.718,6.4110000000000005,100.0,1.8589,24,666.0,20.2,318.75,15.02,13
16.8118,0.0,18.1,0,0.7,5.277,98.1,1.4261,24,666.0,20.2,396.9,30.81,14
0.033589999999999995,75.0,2.95,0,0.428,7.024,15.8,5.4011,3,252.0,18.3,395.62,1.98,15
4.541919999999998,0.0,18.1,0,0.77,6.398,88.0,2.5182,24,666.0,20.2,374.56,7.79,16
0.17004,12.5,7.87,0,0.524,6.004,85.9,6.5921,5,311.0,15.2,386.71,17.1,17
0.02763,75.0,2.95,0,0.428,6.595,21.8,5.4011,3,252.0,18.3,395.63,4.32,18
0.03466,35.0,6.06,0,0.4379,6.031000000000001,23.3,6.6407,1,304.0,16.9,362.25,7.83,19
0.08265,0.0,13.92,0,0.43700000000000006,6.127000000000001,18.4,5.5027,4,289.0,16.0,396.9,8.58,20
8.05579,0.0,18.1,0,0.584,5.4270000000000005,95.4,2.4298,24,666.0,20.2,352.58,18.14,21
18.0846,0.0,18.1,0,0.679,6.434,100.0,1.8347,24,666.0,20.2,27.25,29.05,22
1.41385,0.0,19.58,1,0.871,6.129,96.0,1.7494,5,403.0,14.7,321.02,15.12,23
51.1358,0.0,18.1,0,0.597,5.757000000000001,100.0,1.413,24,666.0,20.2,2.6,10.11,24
0.04462,25.0,4.86,0,0.426,6.619,70.4,5.4007,4,281.0,19.0,395.63,7.22,25
4.55587,0.0,18.1,0,0.718,3.5610000000000004,87.9,1.6132,24,666.0,20.2,354.7,7.12,26
2.3004,0.0,19.58,0,0.605,6.319,96.1,2.1,5,403.0,14.7,297.09,11.1,27
0.23912,0.0,9.69,0,0.585,6.019,65.3,2.4091,6,391.0,19.2,396.9,12.92,28
0.21977,0.0,6.91,0,0.44799999999999995,5.602,62.0,6.0877,3,233.0,17.9,396.9,16.2,29
3.8497,0.0,18.1,1,0.77,6.395,91.0,2.5052,24,666.0,20.2,391.34,13.27,30
0.07165,0.0,25.65,0,0.581,6.004,84.1,2.1974,2,188.0,19.1,377.67,14.27,31
1.83377,0.0,19.58,1,0.605,7.8020000000000005,98.2,2.0407,5,403.0,14.7,389.61,1.92,32
2.24236,0.0,19.58,0,0.605,5.854,91.8,2.4219999999999997,5,403.0,14.7,395.11,11.64,33
0.33147,0.0,6.2,0,0.507,8.247,70.4,3.6519,8,307.0,17.4,378.95,3.95,34
0.12802,0.0,8.56,0,0.52,6.474,97.1,2.4329,5,384.0,20.9,395.24,12.27,35
0.02187,60.0,2.93,0,0.401,6.8,9.9,6.2196,1,265.0,15.6,393.37,5.03,36
25.9406,0.0,18.1,0,0.679,5.303999999999999,89.1,1.6475,24,666.0,20.2,127.36,26.64,37
9.2323,0.0,18.1,0,0.631,6.216,100.0,1.1691,24,666.0,20.2,366.15,9.53,38
0.18836,0.0,6.91,0,0.44799999999999995,5.7860000000000005,33.3,5.1004,3,233.0,17.9,396.9,14.15,39
0.10574,0.0,27.74,0,0.609,5.983,98.8,1.8681,4,711.0,20.1,390.11,18.07,40
0.67191,0.0,8.14,0,0.5379999999999999,5.813,90.3,4.6819999999999995,4,307.0,21.0,376.88,14.81,41
0.03551,25.0,4.86,0,0.426,6.167000000000001,46.7,5.4007,4,281.0,19.0,390.64,7.51,42
4.0974,0.0,19.58,0,0.871,5.468,100.0,1.4118,5,403.0,14.7,396.9,26.42,43
0.1396,0.0,8.56,0,0.52,6.167000000000001,90.0,2.421,5,384.0,20.9,392.69,12.33,44
0.19186,0.0,7.38,0,0.493,6.431,14.7,5.4159,5,287.0,19.6,393.68,5.08,45
0.05188,0.0,4.49,0,0.449,6.015,45.1,4.4272,3,247.0,18.5,395.99,12.86,46
0.04113,25.0,4.86,0,0.426,6.727,33.5,5.4007,4,281.0,19.0,396.9,5.29,47
0.05059,0.0,4.49,0,0.449,6.388999999999999,48.0,4.7794,3,247.0,18.5,396.9,9.62,48
11.5779,0.0,18.1,0,0.7,5.0360000000000005,97.0,1.77,24,666.0,20.2,396.9,25.68,49
3.67367,0.0,18.1,0,0.583,6.312,51.9,3.9917,24,666.0,20.2,388.62,10.58,50
0.25356,0.0,9.9,0,0.544,5.705,77.7,3.945,4,304.0,18.4,396.42,11.5,51
0.31533,0.0,6.2,0,0.504,8.266,78.3,2.8944,8,307.0,17.4,385.05,4.14,52
0.6147,0.0,6.2,0,0.507,6.617999999999999,80.8,3.2721,8,307.0,17.4,396.9,7.6,53
0.09299,0.0,25.65,0,0.581,5.961,92.9,2.0869,2,188.0,19.1,378.09,17.93,54
0.06076,0.0,11.93,0,0.573,6.976,91.0,2.1675,1,273.0,21.0,396.9,5.64,55
0.21409,22.0,5.86,0,0.431,6.438,8.9,7.3967,7,330.0,19.1,377.07,3.59,56
0.15098,0.0,10.01,0,0.547,6.021,82.6,2.7474,6,432.0,17.8,394.51,10.3,57
0.15936,0.0,6.91,0,0.44799999999999995,6.211,6.5,5.7209,3,233.0,17.9,394.46,7.44,58
0.06262999999999999,0.0,11.93,0,0.573,6.593,69.1,2.4786,1,273.0,21.0,391.99,9.67,59
0.03427,0.0,5.19,0,0.515,5.869,46.3,5.2311,5,224.0,20.2,396.9,9.8,60
0.01381,80.0,0.46,0,0.42200000000000004,7.875,32.0,5.6484,4,255.0,14.4,394.23,2.97,61
0.19802,0.0,10.59,0,0.489,6.182,42.4,3.9454,4,277.0,18.6,393.63,9.47,62
5.7081800000000005,0.0,18.1,0,0.532,6.75,74.9,3.3317,24,666.0,20.2,393.07,7.74,63
14.0507,0.0,18.1,0,0.597,6.657,100.0,1.5275,24,666.0,20.2,35.05,21.22,64
0.13262000000000002,0.0,8.56,0,0.52,5.851,96.7,2.1069,5,384.0,20.9,394.05,16.47,65
0.04544,0.0,3.24,0,0.46,6.144,32.2,5.8736,4,430.0,16.9,368.57,9.09,66
25.0461,0.0,18.1,0,0.693,5.987,100.0,1.5888,24,666.0,20.2,396.9,26.77,67
0.07896,0.0,12.83,0,0.43700000000000006,6.273,6.0,4.2515,5,398.0,18.7,394.92,6.78,68
2.3139,0.0,19.58,0,0.605,5.88,97.3,2.3887,5,403.0,14.7,348.13,12.03,69
0.2498,0.0,21.89,0,0.624,5.857,98.2,1.6686,4,437.0,21.2,392.04,21.32,70
1.00245,0.0,8.14,0,0.5379999999999999,6.6739999999999995,87.3,4.239,4,307.0,21.0,380.23,11.98,71
4.8982199999999985,0.0,18.1,0,0.631,4.97,100.0,1.3325,24,666.0,20.2,375.52,3.26,72
0.51183,0.0,6.2,0,0.507,7.358,71.6,4.148,8,307.0,17.4,390.07,4.73,73
0.8520399999999999,0.0,8.14,0,0.5379999999999999,5.965,89.2,4.0123,4,307.0,21.0,392.53,13.83,74
18.4982,0.0,18.1,0,0.6679999999999999,4.138,100.0,1.137,24,666.0,20.2,396.9,37.97,75
6.65492,0.0,18.1,0,0.713,6.317,83.0,2.7344,24,666.0,20.2,396.9,13.99,76
0.01778,95.0,1.47,0,0.40299999999999997,7.135,13.9,7.6534,3,402.0,17.0,384.3,4.45,77
0.2896,0.0,9.69,0,0.585,5.39,72.9,2.7986,6,391.0,19.2,396.9,21.14,78
0.04011,80.0,1.52,0,0.40399999999999997,7.287000000000001,34.1,7.309,2,329.0,12.6,396.9,4.08,79
0.0459,52.5,5.32,0,0.405,6.315,45.6,7.3172,6,293.0,16.6,396.9,7.6,80
0.053020000000000005,0.0,3.41,0,0.489,7.079,63.1,3.4145,2,270.0,17.8,396.06,5.7,81
0.17783,0.0,9.69,0,0.585,5.569,73.5,2.3999,6,391.0,19.2,395.77,15.1,82
0.15038,0.0,25.65,0,0.581,5.856,97.0,1.9444,2,188.0,19.1,370.31,25.41,83
0.17446,0.0,10.59,1,0.489,5.96,92.1,3.8771,4,277.0,18.6,393.25,17.27,84
0.1146,20.0,6.96,0,0.46399999999999997,6.537999999999999,58.7,3.9175,3,223.0,18.6,394.96,7.73,85
7.05042,0.0,18.1,0,0.614,6.103,85.1,2.0218,24,666.0,20.2,2.52,23.29,86
0.11425,0.0,13.89,1,0.55,6.372999999999999,92.4,3.3633,5,276.0,16.4,393.74,10.5,87
7.40389,0.0,18.1,0,0.597,5.617000000000001,97.9,1.4547,24,666.0,20.2,314.64,26.4,88
3.69695,0.0,18.1,0,0.718,4.963,91.4,1.7523,24,666.0,20.2,316.03,14.0,89
0.01311,90.0,1.22,0,0.40299999999999997,7.249,21.9,8.6966,5,226.0,17.9,395.93,4.81,90
0.17142000000000002,0.0,6.91,0,0.44799999999999995,5.682,33.8,5.1004,3,233.0,17.9,396.9,10.21,91
0.98843,0.0,8.14,0,0.5379999999999999,5.813,100.0,4.0952,4,307.0,21.0,394.54,19.88,92
0.46296,0.0,6.2,0,0.504,7.412000000000001,76.9,3.6715,8,307.0,17.4,376.14,5.25,93
0.05515,33.0,2.18,0,0.47200000000000003,7.236000000000001,41.1,4.022,7,222.0,18.4,393.68,6.93,94
0.01439,60.0,2.93,0,0.401,6.604,18.8,6.2196,1,265.0,15.6,376.7,4.38,95
6.80117,0.0,18.1,0,0.713,6.081,84.4,2.7175,24,666.0,20.2,396.9,14.7,96
0.03584,80.0,3.37,0,0.39799999999999996,6.29,17.8,6.6115,4,337.0,16.1,396.9,4.67,97
0.1029,30.0,4.93,0,0.428,6.358,52.9,7.0355,6,300.0,16.6,372.75,11.22,98
1.49632,0.0,19.58,0,0.871,5.404,100.0,1.5916,5,403.0,14.7,341.6,13.28,99
0.30347,0.0,7.38,0,0.493,6.312,28.9,5.4159,5,287.0,19.6,396.9,6.15,100
0.18337,0.0,27.74,0,0.609,5.414,98.3,1.7554,4,711.0,20.1,344.05,23.97,101
0.07013,0.0,13.89,0,0.55,6.642,85.1,3.4211,5,276.0,16.4,392.78,9.69,102
0.62356,0.0,6.2,1,0.507,6.879,77.7,3.2721,8,307.0,17.4,390.39,9.93,103
1.15172,0.0,8.14,0,0.5379999999999999,5.7010000000000005,95.0,3.7872,4,307.0,21.0,358.77,18.35,104
10.232999999999999,0.0,18.1,0,0.614,6.185,96.7,2.1705,24,666.0,20.2,379.7,18.03,105
0.02875,28.0,15.04,0,0.46399999999999997,6.211,28.9,3.6659,4,270.0,18.2,396.33,6.21,106
8.49213,0.0,18.1,0,0.584,6.348,86.1,2.0527,24,666.0,20.2,83.45,17.64,107
0.07244,60.0,1.69,0,0.41100000000000003,5.8839999999999995,18.5,10.7103,4,411.0,18.3,392.33,7.79,108
15.8744,0.0,18.1,0,0.6709999999999999,6.545,99.1,1.5192,24,666.0,20.2,396.9,21.08,109
0.11747,12.5,7.87,0,0.524,6.0089999999999995,82.9,6.2267,5,311.0,15.2,396.9,13.27,110
0.26938,0.0,9.9,0,0.544,6.266,82.8,3.2628,4,304.0,18.4,393.39,7.9,111
0.04684,0.0,3.41,0,0.489,6.417000000000001,66.1,3.0923,2,270.0,17.8,392.18,8.81,112
0.40771,0.0,6.2,1,0.507,6.164,91.3,3.048,8,307.0,17.4,395.24,21.46,113
5.87205,0.0,18.1,0,0.693,6.405,96.0,1.6768,24,666.0,20.2,396.9,19.37,114
0.04294,28.0,15.04,0,0.46399999999999997,6.249,77.3,3.615,4,270.0,18.2,396.9,10.59,115
0.08244,30.0,4.93,0,0.428,6.481,18.5,6.1899,6,300.0,16.6,379.41,6.36,116
2.01019,0.0,19.58,0,0.605,7.928999999999999,96.2,2.0459,5,403.0,14.7,369.3,3.7,117
28.6558,0.0,18.1,0,0.597,5.155,100.0,1.5894,24,666.0,20.2,210.97,20.08,118
0.17505,0.0,5.96,0,0.499,5.966,30.2,3.8473,5,279.0,19.2,393.43,10.13,119
0.13058,0.0,10.01,0,0.547,5.872000000000001,73.1,2.4775,6,432.0,17.8,338.63,15.37,120
0.12579,45.0,3.44,0,0.43700000000000006,6.556,29.1,4.5667,5,398.0,15.2,382.84,4.56,121
0.03537,34.0,6.09,0,0.433,6.59,40.4,5.4917,7,329.0,16.1,395.75,9.5,122
0.03705,20.0,3.33,0,0.4429,6.968,37.2,5.2447,5,216.0,14.9,392.23,4.59,123
12.8023,0.0,18.1,0,0.74,5.854,96.6,1.8956,24,666.0,20.2,240.52,23.79,124
0.0795,60.0,1.69,0,0.41100000000000003,6.579,35.9,10.7103,4,411.0,18.3,370.78,5.49,125
0.22212,0.0,10.01,0,0.547,6.0920000000000005,95.4,2.548,6,432.0,17.8,396.9,17.09,126
0.1676,0.0,7.38,0,0.493,6.426,52.3,4.5404,5,287.0,19.6,396.9,7.2,127
0.10008,0.0,2.46,0,0.488,6.563,95.6,2.847,3,193.0,17.8,396.9,5.68,128
0.08872999999999999,21.0,5.64,0,0.439,5.962999999999999,45.7,6.8147,4,243.0,16.8,395.56,13.45,129
0.17331,0.0,9.69,0,0.585,5.707000000000001,54.0,2.3817,6,391.0,19.2,396.9,12.01,130
4.87141,0.0,18.1,0,0.614,6.484,93.6,2.3053,24,666.0,20.2,396.21,18.68,131
0.54452,0.0,21.89,0,0.624,6.151,97.9,1.6687,4,437.0,21.2,396.9,18.46,132
6.96215,0.0,18.1,0,0.7,5.712999999999999,97.0,1.9265,24,666.0,20.2,394.43,17.11,133
0.55007,20.0,3.97,0,0.647,7.206,91.6,1.9301,5,264.0,13.0,387.89,8.1,134
0.5401100000000001,20.0,3.97,0,0.647,7.202999999999999,81.8,2.1121,5,264.0,13.0,392.8,9.59,135
0.03768,80.0,1.52,0,0.40399999999999997,7.274,38.3,7.309,2,329.0,12.6,392.2,6.62,136
0.09744,0.0,5.96,0,0.499,5.841,61.4,3.3779,5,279.0,19.2,377.56,11.41,137
1.2074200000000002,0.0,19.58,0,0.605,5.875,94.6,2.4259,5,403.0,14.7,292.29,14.43,138
1.6566,0.0,19.58,0,0.871,6.122000000000001,97.3,1.618,5,403.0,14.7,372.8,14.1,139
0.05425,0.0,4.05,0,0.51,6.315,73.4,3.3175,5,296.0,16.6,395.6,6.29,140
15.8603,0.0,18.1,0,0.679,5.896,95.4,1.9096,24,666.0,20.2,7.68,24.39,141
0.04666,80.0,1.52,0,0.40399999999999997,7.107,36.6,7.309,2,329.0,12.6,354.31,8.61,142
0.06047,0.0,2.46,0,0.488,6.153,68.8,3.2797,3,193.0,17.8,387.11,13.15,143
15.1772,0.0,18.1,0,0.74,6.152,100.0,1.9142,24,666.0,20.2,9.32,26.45,144
0.01965,80.0,1.76,0,0.385,6.23,31.5,9.0892,1,241.0,18.2,341.6,12.93,145
1.22358,0.0,19.58,0,0.605,6.943,97.4,1.8773,5,403.0,14.7,363.43,4.59,146
0.06663999999999999,0.0,4.05,0,0.51,6.546,33.1,3.1323,5,296.0,16.6,390.96,5.33,147
2.44668,0.0,19.58,0,0.871,5.272,94.0,1.7364,5,403.0,14.7,88.63,16.14,148
0.08707000000000001,0.0,12.83,0,0.43700000000000006,6.14,45.8,4.0905,5,398.0,18.7,386.96,10.27,149
0.06911,45.0,3.44,0,0.43700000000000006,6.739,30.8,6.4798,5,398.0,15.2,389.71,4.69,150
0.32264,0.0,21.89,0,0.624,5.942,93.5,1.9669,4,437.0,21.2,378.25,16.9,151
0.06642,0.0,4.05,0,0.51,6.86,74.4,2.9153,5,296.0,16.6,391.27,6.92,152
14.4383,0.0,18.1,0,0.597,6.852,100.0,1.4655,24,666.0,20.2,179.36,19.78,153
8.15174,0.0,18.1,0,0.7,5.39,98.9,1.7281,24,666.0,20.2,396.9,20.85,154
0.88125,0.0,21.89,0,0.624,5.6370000000000005,94.7,1.9799,4,437.0,21.2,396.9,18.34,155
7.36711,0.0,18.1,0,0.679,6.193,78.1,1.9356,24,666.0,20.2,96.73,21.52,156
0.97617,0.0,21.89,0,0.624,5.757000000000001,98.4,2.346,4,437.0,21.2,262.76,17.31,157
9.39063,0.0,18.1,0,0.74,5.627000000000001,93.9,1.8172,24,666.0,20.2,396.9,22.88,158
0.14455,12.5,7.87,0,0.524,6.172000000000001,96.1,5.9505,5,311.0,15.2,396.9,19.15,159
0.10328,25.0,5.13,0,0.45299999999999996,5.9270000000000005,47.2,6.932,8,284.0,19.7,396.9,9.22,160
12.0482,0.0,18.1,0,0.614,5.648,87.6,1.9512,24,666.0,20.2,291.55,14.1,161
0.09266,34.0,6.09,0,0.433,6.495,18.4,5.4917,7,329.0,16.1,383.61,8.67,162
0.09068,45.0,3.44,0,0.43700000000000006,6.9510000000000005,21.5,6.4798,5,398.0,15.2,377.68,5.1,163
0.04337,21.0,5.64,0,0.439,6.115,63.0,6.8147,4,243.0,16.8,393.97,9.43,164
38.3518,0.0,18.1,0,0.693,5.452999999999999,100.0,1.4896,24,666.0,20.2,396.9,30.59,165
0.0837,45.0,3.44,0,0.43700000000000006,7.185,38.9,4.5667,5,398.0,15.2,396.9,5.39,166
13.9134,0.0,18.1,0,0.713,6.207999999999999,95.0,2.2222,24,666.0,20.2,100.63,15.17,167
9.32909,0.0,18.1,0,0.713,6.185,98.7,2.2616,24,666.0,20.2,396.9,18.13,168
0.02729,0.0,7.07,0,0.469,7.185,61.1,4.9671,2,242.0,17.8,392.83,4.03,169
0.13158,0.0,10.01,0,0.547,6.176,72.5,2.7301,6,432.0,17.8,393.3,12.04,170
15.288,0.0,18.1,0,0.6709999999999999,6.649,93.3,1.3449,24,666.0,20.2,363.02,23.24,171
0.0315,95.0,1.47,0,0.40299999999999997,6.975,15.3,7.6534,3,402.0,17.0,396.9,4.56,172
0.76162,20.0,3.97,0,0.647,5.56,62.8,1.9865,5,264.0,13.0,392.4,10.45,173
0.07022,0.0,4.05,0,0.51,6.02,47.2,3.5549,5,296.0,16.6,393.23,10.11,174
0.32543,0.0,21.89,0,0.624,6.431,98.8,1.8125,4,437.0,21.2,396.9,15.39,175
1.25179,0.0,8.14,0,0.5379999999999999,5.57,98.1,3.7979,4,307.0,21.0,376.57,21.02,176
9.18702,0.0,18.1,0,0.7,5.5360000000000005,100.0,1.5804,24,666.0,20.2,396.9,23.6,177
0.09604,40.0,6.41,0,0.447,6.854,42.8,4.2673,4,254.0,17.6,396.9,2.98,178
0.04981,21.0,5.64,0,0.439,5.997999999999999,21.4,6.8147,4,243.0,16.8,396.9,8.43,179
0.01501,80.0,2.01,0,0.435,6.635,29.7,8.344,4,280.0,17.0,390.94,5.99,180
0.28955,0.0,10.59,0,0.489,5.412000000000001,9.8,3.5875,4,277.0,18.6,348.93,29.55,181
0.11432,0.0,8.56,0,0.52,6.781000000000001,71.3,2.8561,5,384.0,20.9,395.58,7.67,182
0.0566,0.0,3.41,0,0.489,7.007000000000001,86.3,3.4217,2,270.0,17.8,396.9,5.5,183
2.3309900000000003,0.0,19.58,0,0.871,5.186,93.8,1.5296,5,403.0,14.7,356.99,28.32,184
0.10084,0.0,10.01,0,0.547,6.715,81.6,2.6775,6,432.0,17.8,395.59,10.16,185
5.82401,0.0,18.1,0,0.532,6.242000000000001,64.7,3.4242,24,666.0,20.2,396.9,10.74,186
0.02009,95.0,2.68,0,0.4161,8.033999999999999,31.9,5.118,4,224.0,14.7,390.55,2.88,187
3.83684,0.0,18.1,0,0.77,6.251,91.1,2.2955,24,666.0,20.2,350.65,14.19,188
67.9208,0.0,18.1,0,0.693,5.683,100.0,1.4254,24,666.0,20.2,384.97,22.98,189
1.38799,0.0,8.14,0,0.5379999999999999,5.95,82.0,3.99,4,307.0,21.0,232.6,27.71,190
0.2909,0.0,21.89,0,0.624,6.1739999999999995,93.6,1.6119,4,437.0,21.2,388.08,24.16,191
7.83932,0.0,18.1,0,0.655,6.209,65.4,2.9634,24,666.0,20.2,396.9,13.22,192
11.8123,0.0,18.1,0,0.718,6.824,76.5,1.794,24,666.0,20.2,48.45,22.74,193
2.37934,0.0,19.58,0,0.871,6.13,100.0,1.4191,5,403.0,14.7,172.91,27.8,194
1.19294,0.0,21.89,0,0.624,6.3260000000000005,97.7,2.271,4,437.0,21.2,396.9,12.26,195
0.24522,0.0,9.9,0,0.544,5.782,71.7,4.0317,4,304.0,18.4,396.9,15.94,196
6.53876,0.0,18.1,1,0.631,7.016,97.5,1.2024,24,666.0,20.2,392.05,2.96,197
45.7461,0.0,18.1,0,0.693,4.519,100.0,1.6582,24,666.0,20.2,88.27,36.98,198
0.04379,80.0,3.37,0,0.39799999999999996,5.787000000000001,31.1,6.6115,4,337.0,16.1,396.9,10.24,199
13.0751,0.0,18.1,0,0.58,5.712999999999999,56.7,2.8237,24,666.0,20.2,396.9,14.76,200
0.09849,0.0,25.65,0,0.581,5.879,95.8,2.0063,2,188.0,19.1,379.38,17.58,201
23.6482,0.0,18.1,0,0.6709999999999999,6.38,96.2,1.3861,24,666.0,20.2,396.9,23.69,202
0.19539,0.0,10.81,0,0.413,6.245,6.2,5.2873,4,305.0,19.2,377.17,7.54,203
0.03502,80.0,4.95,0,0.41100000000000003,6.861000000000001,27.9,5.1167,4,245.0,19.2,396.9,3.33,204
5.669980000000002,0.0,18.1,1,0.631,6.683,96.8,1.3567,24,666.0,20.2,375.33,3.73,205
37.6619,0.0,18.1,0,0.679,6.202000000000001,78.7,1.8629,24,666.0,20.2,18.82,14.52,206
0.29819,0.0,6.2,0,0.504,7.686,17.0,3.3751,8,307.0,17.4,377.51,3.92,207
19.6091,0.0,18.1,0,0.6709999999999999,7.313,97.9,1.3163,24,666.0,20.2,396.9,13.44,208
3.67822,0.0,18.1,0,0.77,5.362,96.2,2.1036,24,666.0,20.2,380.79,10.19,209
0.0351,95.0,2.68,0,0.4161,7.853,33.2,5.118,4,224.0,14.7,392.78,3.81,210
0.09378,12.5,7.87,0,0.524,5.888999999999999,39.0,5.4509,5,311.0,15.2,390.5,15.71,211
5.69175,0.0,18.1,0,0.583,6.114,79.8,3.5459,24,666.0,20.2,392.68,14.98,212
0.09103,0.0,2.46,0,0.488,7.155,92.2,2.7006,3,193.0,17.8,394.12,4.82,213
0.12932000000000002,0.0,13.92,0,0.43700000000000006,6.678,31.1,5.9604,4,289.0,16.0,396.9,6.27,214
0.12204,0.0,2.89,0,0.445,6.625,57.8,3.4952,2,276.0,18.0,357.98,6.65,215
2.73397,0.0,19.58,0,0.871,5.597,94.9,1.5257,5,403.0,14.7,351.85,21.45,216
1.4250200000000002,0.0,19.58,0,0.871,6.51,100.0,1.7659,5,403.0,14.7,364.31,7.39,217
0.11027,25.0,5.13,0,0.45299999999999996,6.456,67.8,7.2255,8,284.0,19.7,396.9,6.73,218
0.22969,0.0,10.59,0,0.489,6.3260000000000005,52.5,4.3549,4,277.0,18.6,394.87,10.97,219
20.7162,0.0,18.1,0,0.659,4.138,100.0,1.1781,24,666.0,20.2,370.22,23.34,220
17.8667,0.0,18.1,0,0.6709999999999999,6.223,100.0,1.3861,24,666.0,20.2,393.74,21.78,221
0.09164,0.0,10.81,0,0.413,6.065,7.8,5.2873,4,305.0,19.2,390.91,5.52,222
0.20608,22.0,5.86,0,0.431,5.593,76.5,7.9549,7,330.0,19.1,372.49,12.5,223
0.38735,0.0,25.65,0,0.581,5.6129999999999995,95.6,1.7572,2,188.0,19.1,359.29,27.26,224
13.3598,0.0,18.1,0,0.693,5.8870000000000005,94.7,1.7821,24,666.0,20.2,396.9,16.35,225
1.80028,0.0,19.58,0,0.605,5.877000000000001,79.2,2.4259,5,403.0,14.7,227.61,12.14,226
2.37857,0.0,18.1,0,0.583,5.871,41.9,3.7239999999999998,24,666.0,20.2,370.73,13.34,227
0.49298,0.0,9.9,0,0.544,6.635,82.5,3.3175,4,304.0,18.4,396.9,4.54,228
0.29916,20.0,6.96,0,0.46399999999999997,5.856,42.1,4.428999999999999,3,223.0,18.6,388.65,13.0,229
0.00632,18.0,2.31,0,0.5379999999999999,6.575,65.2,4.09,1,296.0,15.3,396.9,4.98,230
0.1415,0.0,6.91,0,0.44799999999999995,6.169,6.6,5.7209,3,233.0,17.9,383.37,5.81,231
0.04203,28.0,15.04,0,0.46399999999999997,6.442,53.6,3.6659,4,270.0,18.2,395.01,8.16,232
41.5292,0.0,18.1,0,0.693,5.531000000000001,85.4,1.6074,24,666.0,20.2,329.46,27.38,233
0.18159,0.0,7.38,0,0.493,6.376,54.3,4.5404,5,287.0,19.6,396.9,6.87,234
2.81838,0.0,18.1,0,0.532,5.7620000000000005,40.3,4.0983,24,666.0,20.2,392.92,10.42,235
14.2362,0.0,18.1,0,0.693,6.343,100.0,1.5741,24,666.0,20.2,396.9,20.32,236
7.52601,0.0,18.1,0,0.713,6.417000000000001,98.3,2.185,24,666.0,20.2,304.21,19.31,237
0.25915,0.0,21.89,0,0.624,5.693,96.0,1.7883,4,437.0,21.2,392.11,17.19,238
0.02498,0.0,1.89,0,0.518,6.54,59.7,6.2669,1,422.0,15.9,389.96,8.65,239
0.09512,0.0,12.83,0,0.43700000000000006,6.2860000000000005,45.0,4.5026,5,398.0,18.7,383.23,8.94,240
4.03841,0.0,18.1,0,0.532,6.229,90.7,3.0993,24,666.0,20.2,395.33,12.87,241
0.04297,52.5,5.32,0,0.405,6.565,22.9,7.3172,6,293.0,16.6,371.72,9.51,242
88.9762,0.0,18.1,0,0.6709999999999999,6.968,91.9,1.4165,24,666.0,20.2,396.9,17.21,243
0.08014,0.0,5.96,0,0.499,5.85,41.5,3.9342,5,279.0,19.2,396.9,8.77,244
0.57529,0.0,6.2,0,0.507,8.337,73.3,3.8384,8,307.0,17.4,385.91,2.47,245
4.64689,0.0,18.1,0,0.614,6.98,67.6,2.5329,24,666.0,20.2,374.68,11.66,246
0.11504,0.0,2.89,0,0.445,6.162999999999999,69.6,3.4952,2,276.0,18.0,391.83,11.34,247
2.7797400000000003,0.0,19.58,0,0.871,4.9030000000000005,97.8,1.3459,5,403.0,14.7,396.9,29.29,248
0.5201399999999999,20.0,3.97,0,0.647,8.398,91.5,2.2885,5,264.0,13.0,386.86,5.91,249
11.1081,0.0,18.1,0,0.6679999999999999,4.906000000000001,100.0,1.1742,24,666.0,20.2,396.9,34.77,250
0.26838,0.0,9.69,0,0.585,5.794,70.6,2.8927,6,391.0,19.2,396.9,14.1,251
10.0623,0.0,18.1,0,0.584,6.832999999999999,94.3,2.0882,24,666.0,20.2,81.33,19.69,252
0.05646,0.0,12.83,0,0.43700000000000006,6.232,53.7,5.0141,5,398.0,18.7,386.4,12.34,253
0.10959,0.0,11.93,0,0.573,6.794,89.3,2.3889,1,273.0,21.0,393.45,6.48,254
9.82349,0.0,18.1,0,0.6709999999999999,6.794,98.8,1.358,24,666.0,20.2,396.9,21.24,255
9.96654,0.0,18.1,0,0.74,6.485,100.0,1.9784,24,666.0,20.2,386.73,18.85,256
0.82526,20.0,3.97,0,0.647,7.327000000000001,94.5,2.0788,5,264.0,13.0,393.42,11.25,257
0.12083,0.0,2.89,0,0.445,8.068999999999999,76.0,3.4952,2,276.0,18.0,396.9,4.21,258
14.3337,0.0,18.1,0,0.7,4.88,100.0,1.5895,24,666.0,20.2,372.92,30.62,259
0.15086,0.0,27.74,0,0.609,5.454,92.7,1.8209,4,711.0,20.1,395.09,18.06,260
0.02899,40.0,1.25,0,0.429,6.939,34.5,8.7921,1,335.0,19.7,389.85,5.89,261
0.05083,0.0,5.19,0,0.515,6.316,38.1,6.4584,5,224.0,20.2,389.71,5.68,262
0.77299,0.0,8.14,0,0.5379999999999999,6.495,94.4,4.4547,4,307.0,21.0,387.94,12.8,263
0.04741,0.0,11.93,0,0.573,6.03,80.8,2.505,1,273.0,21.0,396.9,7.88,264
0.21161,0.0,8.56,0,0.52,6.1370000000000005,87.4,2.7147,5,384.0,20.9,394.47,13.44,265
6.71772,0.0,18.1,0,0.713,6.749,92.6,2.3236,24,666.0,20.2,0.32,17.44,266
4.26131,0.0,18.1,0,0.77,6.112,81.3,2.5091,24,666.0,20.2,390.74,12.67,267
13.5222,0.0,18.1,0,0.631,3.863,100.0,1.5106,24,666.0,20.2,131.42,13.33,268
3.32105,0.0,19.58,1,0.871,5.403,100.0,1.3216,5,403.0,14.7,396.9,26.82,269
6.39312,0.0,18.1,0,0.584,6.162000000000001,97.4,2.206,24,666.0,20.2,302.76,24.1,270
0.08829,12.5,7.87,0,0.524,6.0120000000000005,66.6,5.5605,5,311.0,15.2,395.6,12.43,271
0.056020000000000014,0.0,2.46,0,0.488,7.831,53.6,3.1992,3,193.0,17.8,392.63,4.45,272
0.52693,0.0,6.2,0,0.504,8.725,83.0,2.8944,8,307.0,17.4,382.0,4.63,273
24.3938,0.0,18.1,0,0.7,4.652,100.0,1.4672,24,666.0,20.2,396.9,28.28,274
0.04417,70.0,2.24,0,0.4,6.871,47.4,7.8278,5,358.0,14.8,390.86,6.07,275
22.5971,0.0,18.1,0,0.7,5.0,89.5,1.5184,24,666.0,20.2,396.9,31.99,276
0.08199,0.0,13.92,0,0.43700000000000006,6.0089999999999995,42.3,5.5027,4,289.0,16.0,396.9,10.4,277
0.13117,0.0,8.56,0,0.52,6.127000000000001,85.2,2.1224,5,384.0,20.9,387.69,14.09,278
0.035480000000000005,80.0,3.64,0,0.392,5.876,19.1,9.2203,1,315.0,16.4,395.18,9.25,279
22.0511,0.0,18.1,0,0.74,5.818,92.4,1.8662,24,666.0,20.2,391.45,22.11,280
9.92485,0.0,18.1,0,0.74,6.251,96.6,2.198,24,666.0,20.2,388.52,16.44,281
0.06466000000000001,70.0,2.24,0,0.4,6.345,20.1,7.8278,5,358.0,14.8,368.24,4.97,282
0.12269,0.0,6.91,0,0.44799999999999995,6.069,40.0,5.7209,3,233.0,17.9,389.39,9.55,283
1.51902,0.0,19.58,1,0.605,8.375,93.9,2.162,5,403.0,14.7,388.45,3.32,284
11.9511,0.0,18.1,0,0.659,5.608,100.0,1.2852,24,666.0,20.2,332.09,12.13,285
4.4222800000000015,0.0,18.1,0,0.584,6.002999999999999,94.5,2.5403,24,666.0,20.2,331.29,21.32,286
4.83567,0.0,18.1,0,0.583,5.905,53.2,3.1523,24,666.0,20.2,388.22,11.45,287
5.44114,0.0,18.1,0,0.713,6.655,98.2,2.3552,24,666.0,20.2,355.29,17.73,288
4.668830000000002,0.0,18.1,0,0.713,5.976,87.9,2.5806,24,666.0,20.2,10.48,19.01,289
0.04301,80.0,1.91,0,0.413,5.662999999999999,21.9,10.5857,4,334.0,22.0,382.8,8.05,290
1.2324700000000002,0.0,8.14,0,0.5379999999999999,6.142,91.7,3.9769,4,307.0,21.0,396.9,18.72,291
8.20058,0.0,18.1,0,0.713,5.936,80.3,2.7792,24,666.0,20.2,3.5,16.94,292
4.22239,0.0,18.1,1,0.77,5.803,89.0,1.9047,24,666.0,20.2,353.04,14.64,293
0.06617,0.0,3.24,0,0.46,5.867999999999999,25.8,5.2146,4,430.0,16.9,382.44,9.97,294
0.16902,0.0,25.65,0,0.581,5.986000000000001,88.4,1.9929,2,188.0,19.1,385.02,14.81,295
0.19133,22.0,5.86,0,0.431,5.605,70.2,7.9549,7,330.0,19.1,389.13,18.46,296
2.36862,0.0,19.58,0,0.871,4.926,95.7,1.4608,5,403.0,14.7,391.71,29.53,297
15.5757,0.0,18.1,0,0.58,5.926,71.0,2.9084,24,666.0,20.2,368.74,18.13,298
0.08664,45.0,3.44,0,0.43700000000000006,7.178,26.3,6.4798,5,398.0,15.2,390.49,2.87,299
0.01709,90.0,2.02,0,0.41,6.728,36.1,12.1265,5,187.0,17.0,384.46,4.5,300
0.09065,20.0,6.96,1,0.46399999999999997,5.92,61.5,3.9175,3,223.0,18.6,391.34,13.65,301
1.46336,0.0,19.58,0,0.605,7.489,90.8,1.9709,5,403.0,14.7,374.43,1.73,302
0.07875,45.0,3.44,0,0.43700000000000006,6.782,41.1,3.7886,5,398.0,15.2,393.87,6.68,303
0.21124,12.5,7.87,0,0.524,5.631,100.0,6.0821,5,311.0,15.2,386.63,29.93,304
0.66351,20.0,3.97,0,0.647,7.332999999999999,100.0,1.8946,5,264.0,13.0,383.29,7.79,305
13.6781,0.0,18.1,0,0.74,5.935,87.9,1.8206,24,666.0,20.2,68.95,34.02,306
0.06724,0.0,3.24,0,0.46,6.332999999999999,17.2,5.2146,4,430.0,16.9,375.21,7.34,307
4.34879,0.0,18.1,0,0.58,6.167000000000001,84.0,3.0334,24,666.0,20.2,396.9,16.29,308
0.15875999999999998,0.0,10.81,0,0.413,5.961,17.5,5.2873,4,305.0,19.2,376.94,9.88,309
8.98296,0.0,18.1,1,0.77,6.212000000000001,97.4,2.1222,24,666.0,20.2,377.73,17.6,310
8.792119999999999,0.0,18.1,0,0.584,5.565,70.6,2.0635,24,666.0,20.2,3.65,17.16,311
0.07151,0.0,4.49,0,0.449,6.121,56.8,3.7476,3,247.0,18.5,395.15,8.44,312
0.04819,80.0,3.64,0,0.392,6.108,32.0,9.2203,1,315.0,16.4,392.89,6.57,313
0.3494,0.0,9.9,0,0.544,5.972,76.7,3.1025,4,304.0,18.4,396.24,9.97,314
0.08308,0.0,2.46,0,0.488,5.604,89.8,2.9879,3,193.0,17.8,391.0,13.98,315
0.36894,22.0,5.86,0,0.431,8.259,8.4,8.9067,7,330.0,19.1,396.9,3.54,316
0.37578,0.0,10.59,1,0.489,5.404,88.6,3.665,4,277.0,18.6,395.24,23.98,317
8.71675,0.0,18.1,0,0.693,6.471,98.8,1.7257,24,666.0,20.2,391.98,17.12,318
0.7904100000000001,0.0,9.9,0,0.544,6.122000000000001,52.8,2.6403,4,304.0,18.4,396.9,5.98,319
0.12757000000000002,30.0,4.93,0,0.428,6.393,7.8,7.0355,6,300.0,16.6,374.71,5.19,320
5.82115,0.0,18.1,0,0.713,6.513,89.9,2.8016,24,666.0,20.2,393.82,10.29,321
0.10469,40.0,6.41,1,0.447,7.267,49.0,4.7872,4,254.0,17.6,389.25,6.05,322
6.2880699999999985,0.0,18.1,0,0.74,6.341,96.4,2.072,24,666.0,20.2,318.01,17.79,323
0.10153,0.0,12.83,0,0.43700000000000006,6.279,74.5,4.0522,5,398.0,18.7,373.66,11.97,324
0.06417,0.0,5.96,0,0.499,5.933,68.2,3.3603,5,279.0,19.2,396.9,9.68,325
0.44791,0.0,6.2,1,0.507,6.726,66.5,3.6519,8,307.0,17.4,360.2,8.05,326
3.56868,0.0,18.1,0,0.58,6.437,75.0,2.8965,24,666.0,20.2,393.37,14.36,327
0.054970000000000005,0.0,5.19,0,0.515,5.985,45.4,4.8122,5,224.0,20.2,396.9,9.74,328
4.812130000000002,0.0,18.1,0,0.713,6.7010000000000005,90.0,2.5975,24,666.0,20.2,255.23,16.42,329
0.7857,20.0,3.97,0,0.647,7.013999999999999,84.6,2.1329,5,264.0,13.0,384.07,14.79,330
18.811,0.0,18.1,0,0.597,4.628,100.0,1.5539,24,666.0,20.2,28.79,34.37,331
0.27957,0.0,9.69,0,0.585,5.926,42.6,2.3817,6,391.0,19.2,396.9,13.59,332
0.25199,0.0,10.59,0,0.489,5.7829999999999995,72.7,4.3549,4,277.0,18.6,389.43,18.06,333
20.0849,0.0,18.1,0,0.7,4.368,91.2,1.4395,24,666.0,20.2,285.83,30.63,334
7.99248,0.0,18.1,0,0.7,5.52,100.0,1.5331,24,666.0,20.2,396.9,24.56,335
0.35114,0.0,7.38,0,0.493,6.041,49.9,4.7211,5,287.0,19.6,396.9,7.7,336
0.6379600000000001,0.0,8.14,0,0.5379999999999999,6.096,84.5,4.4619,4,307.0,21.0,380.02,10.26,337
0.14866,0.0,8.56,0,0.52,6.727,79.9,2.7778,5,384.0,20.9,394.76,9.42,338
0.03049,55.0,3.78,0,0.484,6.874,28.1,6.4654,5,370.0,17.6,387.97,4.61,339
0.16439,22.0,5.86,0,0.431,6.433,49.1,7.8265,7,330.0,19.1,374.71,9.52,340
0.03961,0.0,5.19,0,0.515,6.037000000000001,34.5,5.9853,5,224.0,20.2,396.9,8.01,341
0.07886,80.0,4.95,0,0.41100000000000003,7.148,27.7,5.1167,4,245.0,19.2,396.9,3.56,342
0.05735,0.0,4.49,0,0.449,6.63,56.1,4.4377,3,247.0,18.5,392.3,6.53,343
0.14932,25.0,5.13,0,0.45299999999999996,5.7410000000000005,66.2,7.2254,8,284.0,19.7,395.11,13.15,344
10.8342,0.0,18.1,0,0.679,6.782,90.8,1.8195,24,666.0,20.2,21.57,25.79,345
0.40202,0.0,9.9,0,0.544,6.382000000000001,67.2,3.5325,4,304.0,18.4,395.21,10.36,346
0.06127000000000001,40.0,6.41,1,0.447,6.8260000000000005,27.6,4.8628,4,254.0,17.6,393.45,4.16,347
0.14052,0.0,10.59,0,0.489,6.375,32.3,3.9454,4,277.0,18.6,385.81,9.38,348
0.03659,25.0,4.86,0,0.426,6.3020000000000005,32.2,5.4007,4,281.0,19.0,396.9,6.72,349
0.26363000000000003,0.0,8.56,0,0.52,6.229,91.2,2.5451,5,384.0,20.9,391.23,15.55,350
8.24809,0.0,18.1,0,0.713,7.393,99.3,2.4527,24,666.0,20.2,375.87,16.74,351
0.57834,20.0,3.97,0,0.575,8.297,67.0,2.4216,5,264.0,13.0,384.54,7.44,352
0.03445,82.5,2.03,0,0.415,6.162000000000001,38.4,6.27,2,348.0,14.7,393.77,7.43,353
0.11069,0.0,13.89,1,0.55,5.9510000000000005,93.8,2.8893,5,276.0,16.4,396.9,17.92,354
0.19657,22.0,5.86,0,0.431,6.226,79.2,8.0555,7,330.0,19.1,376.14,10.15,355
0.1265,25.0,5.13,0,0.45299999999999996,6.7620000000000005,43.4,7.9809,8,284.0,19.7,395.58,9.5,356
0.0578,0.0,2.46,0,0.488,6.98,58.4,2.8289999999999997,3,193.0,17.8,396.9,5.04,357
0.0456,0.0,13.89,1,0.55,5.888,56.0,3.1121,5,276.0,16.4,392.8,13.51,358
0.06899,0.0,25.65,0,0.581,5.87,69.7,2.2577,2,188.0,19.1,389.15,14.37,359
0.08447,0.0,4.05,0,0.51,5.859,68.7,2.7019,5,296.0,16.6,393.23,9.64,360
0.44178,0.0,6.2,0,0.504,6.5520000000000005,21.4,3.3751,8,307.0,17.4,380.34,3.76,361
0.22876,0.0,8.56,0,0.52,6.405,85.4,2.7147,5,384.0,20.9,70.8,10.63,362
0.24103,0.0,7.38,0,0.493,6.082999999999999,43.7,5.4159,5,287.0,19.6,396.9,12.79,363
0.22927,0.0,6.91,0,0.44799999999999995,6.03,85.5,5.6894,3,233.0,17.9,392.74,18.8,364
0.3692,0.0,9.9,0,0.544,6.567,87.3,3.6023,4,304.0,18.4,395.69,9.28,365
0.12744,0.0,6.91,0,0.44799999999999995,6.77,2.9,5.7209,3,233.0,17.9,385.41,4.84,366
0.61154,20.0,3.97,0,0.647,8.704,86.9,1.801,5,264.0,13.0,389.7,5.12,367
0.12816,12.5,6.07,0,0.409,5.885,33.0,6.497999999999999,4,345.0,18.9,396.9,8.79,368
2.924,0.0,19.58,0,0.605,6.101,93.0,2.2834,5,403.0,14.7,240.16,9.81,369
3.4742800000000003,0.0,18.1,1,0.718,8.78,82.9,1.9047,24,666.0,20.2,354.55,5.29,370
0.0136,75.0,4.0,0,0.41,5.888,47.6,7.3197,3,469.0,21.1,396.9,14.8,371
0.13914,0.0,4.05,0,0.51,5.572,88.5,2.5961,5,296.0,16.6,396.9,14.69,372
0.06129,20.0,3.33,1,0.4429,7.645,49.7,5.2119,5,216.0,14.9,377.07,3.01,373
0.1,34.0,6.09,0,0.433,6.982,17.7,5.4917,7,329.0,16.1,390.43,4.86,374
0.537,0.0,6.2,0,0.504,5.981,68.1,3.6715,8,307.0,17.4,378.35,11.65,375
0.04932,33.0,2.18,0,0.47200000000000003,6.849,70.3,3.1827,7,222.0,18.4,396.9,7.53,376
0.38214,0.0,6.2,0,0.504,8.04,86.5,3.2157,8,307.0,17.4,387.38,3.13,377
0.03871,52.5,5.32,0,0.405,6.209,31.3,7.3172,6,293.0,16.6,396.9,7.14,378
0.34109,0.0,7.38,0,0.493,6.415,40.1,4.7211,5,287.0,19.6,396.9,6.12,379
0.02177,82.5,2.03,0,0.415,7.61,15.7,6.27,2,348.0,14.7,395.38,3.11,380
0.06588,0.0,2.46,0,0.488,7.765,83.3,2.741,3,193.0,17.8,395.56,7.56,381
5.58107,0.0,18.1,0,0.713,6.436,87.9,2.3158,24,666.0,20.2,100.19,16.22,382
0.80271,0.0,8.14,0,0.5379999999999999,5.456,36.6,3.7965,4,307.0,21.0,288.99,11.69,383
0.03306,0.0,5.19,0,0.515,6.059,37.3,4.8122,5,224.0,20.2,396.14,8.51,384
0.22188,20.0,6.96,1,0.46399999999999997,7.691,51.8,4.3665,3,223.0,18.6,390.77,6.58,385
0.14476,0.0,10.01,0,0.547,5.731,65.2,2.7592,6,432.0,17.8,391.5,13.61,386
0.05479,33.0,2.18,0,0.47200000000000003,6.6160000000000005,58.1,3.37,7,222.0,18.4,393.36,8.93,387
14.3337,0.0,18.1,0,0.614,6.229,88.0,1.9512,24,666.0,20.2,383.32,13.11,388
0.22438,0.0,9.69,0,0.585,6.027,79.7,2.4982,6,391.0,19.2,396.9,14.33,389
0.03578,20.0,3.33,0,0.4429,7.82,64.5,4.6947,5,216.0,14.9,387.31,3.76,390
0.06211000000000001,40.0,1.25,0,0.429,6.49,44.4,8.7921,1,335.0,19.7,396.9,5.98,391
2.15505,0.0,19.58,0,0.871,5.627999999999999,100.0,1.5166,5,403.0,14.7,169.27,16.65,392
0.05372,0.0,13.92,0,0.43700000000000006,6.5489999999999995,51.0,5.9604,4,289.0,16.0,392.85,7.39,393
0.03113,0.0,4.39,0,0.442,6.013999999999999,48.5,8.0136,3,352.0,18.8,385.64,10.53,394
0.41238,0.0,6.2,0,0.504,7.162999999999999,79.9,3.2157,8,307.0,17.4,372.08,6.36,395
0.62976,0.0,8.14,0,0.5379999999999999,5.949,61.8,4.7075,4,307.0,21.0,396.9,8.26,396
2.44953,0.0,19.58,0,0.605,6.402,95.2,2.2625,5,403.0,14.7,330.04,11.32,397
0.06888,0.0,2.46,0,0.488,6.144,62.2,2.5979,3,193.0,17.8,396.9,9.45,398
0.0536,21.0,5.64,0,0.439,6.511,21.1,6.8147,4,243.0,16.8,396.9,5.28,399
0.17171,25.0,5.13,0,0.45299999999999996,5.966,93.4,6.8185,8,284.0,19.7,378.08,14.44,400
1.27346,0.0,19.58,1,0.605,6.25,92.6,1.7984,5,403.0,14.7,338.92,5.5,401
0.0187,85.0,4.15,0,0.429,6.516,27.7,8.5353,4,351.0,17.9,392.43,6.36,402
6.44405,0.0,18.1,0,0.584,6.425,74.8,2.2004,24,666.0,20.2,97.95,12.03,403
